<?xml version="1.0" encoding="utf-8"?>\n<!--     Generated by Zeplin
    Copyright (C) 2024 - present Zeplin

    Licensed under the Apache License, Version 2.0 (the "License");
    you may not use this file except in compliance with the License.
    You may obtain a copy of the License at

       http://www.apache.org/licenses/LICENSE-2.0

    Unless required by applicable law or agreed to in writing, software
    distributed under the License is distributed on an "AS IS" BASIS,
    WITHOUT WARRANTIES OR CONDITIONS OF ANY KIND, either express or implied.
    See the License for the specific language governing permissions and
    limitations under the License.
 -->\n\n<resources>
  <style name="TextStyle3">
    <item name="android:gravity">center_horizontal</item>
    <item name="android:fontFamily">@font/avenir_lt_std_medium</item>
    <item name="android:textStyle">normal</item>
    <item name="android:textSize">18.9sp</item>
    <item name="android:letterSpacing">-0.05</item>
    <item name="android:lineSpacingExtra">0.6sp</item>
    <item name="android:textColor">#000000</item>
  </style>

  <style name="TextStyle2">
    <item name="android:fontFamily">@font/avenir_lt_std_medium</item>
    <item name="android:textStyle">normal</item>
    <item name="android:textSize">14.4sp</item>
    <item name="android:letterSpacing">-0.05</item>
    <item name="android:lineSpacingExtra">-3.1sp</item>
    <item name="android:textColor">#000000</item>
  </style>

  <style name="TextStyle">
    <item name="android:fontFamily">@font/avenir_lt_std_roman</item>
    <item name="android:textStyle">normal</item>
    <item name="android:textSize">11.3sp</item>
    <item name="android:letterSpacing">-0.01</item>
    <item name="android:lineSpacingExtra">0sp</item>
    <item name="android:textColor">#46aef7</item>
  </style>
</resources>